--CONSTELACIONES HEMISFERIO NORTE

INSERT INTO CONSTELACIONES (GENITIVO, ABREVIATURA, LATITUDES, MES_MEJOR_VIS, NOMBRE_POPULAR, HEMISFERIO)
VALUES ('ANDROMEDAE', 'AND', '+90º Y -40º', 'NOVIEMBRE', 'ANDROMEDA', 'NORTE');
INSERT INTO CONSTELACIONES (GENITIVO, ABREVIATURA, LATITUDES, MES_MEJOR_VIS, NOMBRE_POPULAR, HEMISFERIO)
VALUES ('AQUARII', 'AQR', '+65º Y -90º', 'OCTUBRE', 'ACUARIO', 'NORTE');
INSERT INTO CONSTELACIONES (GENITIVO, ABREVIATURA, LATITUDES, MES_MEJOR_VIS, NOMBRE_POPULAR, HEMISFERIO)
VALUES ('AQUILAE', 'AQU', '+85º Y -75º', 'AGOSTO', 'AGUILA', 'NORTE');
INSERT INTO CONSTELACIONES (GENITIVO, ABREVIATURA, LATITUDES, MES_MEJOR_VIS, NOMBRE_POPULAR, HEMISFERIO)
VALUES ('ARIETIS', 'ARI', '+90º Y -60º', 'DICIEMBRE', 'ARIES', 'NORTE');
INSERT INTO CONSTELACIONES (GENITIVO, ABREVIATURA, LATITUDES, MES_MEJOR_VIS, NOMBRE_POPULAR, HEMISFERIO)
VALUES ('AURIGAE', 'AUR', '+90º Y -40º', 'FEBRERO', 'AURIGA', 'NORTE');
INSERT INTO CONSTELACIONES (GENITIVO, ABREVIATURA, LATITUDES, MES_MEJOR_VIS, NOMBRE_POPULAR, HEMISFERIO)
VALUES ('BOOTIS', 'BOO', '+90º Y -50º', 'JUNIO', 'BOOTES', 'NORTE');
INSERT INTO CONSTELACIONES (GENITIVO, ABREVIATURA, LATITUDES, MES_MEJOR_VIS, NOMBRE_POPULAR, HEMISFERIO)
VALUES ('CAMELOPARDALIS', 'CAM', '+90º Y -10º', 'FEBRERO', 'CAMELOPARDALIS', 'NORTE');
INSERT INTO CONSTELACIONES (GENITIVO, ABREVIATURA, LATITUDES, MES_MEJOR_VIS, NOMBRE_POPULAR, HEMISFERIO)
VALUES ('CANCRI', 'CNC', '+90º Y -60º', 'MARZO', 'CANCER', 'NORTE');
INSERT INTO CONSTELACIONES (GENITIVO, ABREVIATURA, LATITUDES, MES_MEJOR_VIS, NOMBRE_POPULAR, HEMISFERIO)
VALUES ('CANIS MAIORIS', 'CMA', '+69º Y -90º', 'FEBRERO', 'CAN MAYOR', 'NORTE');
INSERT INTO CONSTELACIONES (GENITIVO, ABREVIATURA, LATITUDES, MES_MEJOR_VIS, NOMBRE_POPULAR, HEMISFERIO)
VALUES ('CANIS MINORIS', 'CMI', '+85º Y -75º', 'MARZO', 'CAN MENOR', 'NORTE');
INSERT INTO CONSTELACIONES (GENITIVO, ABREVIATURA, LATITUDES, MES_MEJOR_VIS, NOMBRE_POPULAR, HEMISFERIO)
VALUES ('CANUM VENATICORUM', 'CVN', '+90º Y -40º', 'MAYO', 'CANIS VENATICI', 'NORTE');
INSERT INTO CONSTELACIONES (GENITIVO, ABREVIATURA, LATITUDES, MES_MEJOR_VIS, NOMBRE_POPULAR, HEMISFERIO)
VALUES ('CAPRICORNI', 'CAP', '+60º Y -90º', 'SEPTIEMBRE', 'CAPRICORNIO', 'NORTE');
INSERT INTO CONSTELACIONES (GENITIVO, ABREVIATURA, LATITUDES, MES_MEJOR_VIS, NOMBRE_POPULAR, HEMISFERIO)
VALUES ('CASSIOPEIAE', 'CAS', '+90º Y -20º', 'NOVIEMBRE', 'CASIOPEA', 'NORTE');
INSERT INTO CONSTELACIONES (GENITIVO, ABREVIATURA, LATITUDES, MES_MEJOR_VIS, NOMBRE_POPULAR, HEMISFERIO)
VALUES ('CEPHEI', 'CEP', '+90º Y -10º', 'NOVIEMBRE', 'CEFEO', 'NORTE');
INSERT INTO CONSTELACIONES (GENITIVO, ABREVIATURA, LATITUDES, MES_MEJOR_VIS, NOMBRE_POPULAR, HEMISFERIO)
VALUES ('COMAE BERENICES', 'COM', '+90º Y -70º', 'MAYO', 'COMA BERENICES', 'NORTE');
INSERT INTO CONSTELACIONES (GENITIVO, ABREVIATURA, LATITUDES, MES_MEJOR_VIS, NOMBRE_POPULAR, HEMISFERIO)
VALUES ('CORONAE BOREALIS', 'CRB', '+90º Y -50º', 'JULIO', 'CORONA BOREAL', 'NORTE');
INSERT INTO CONSTELACIONES (GENITIVO, ABREVIATURA, LATITUDES, MES_MEJOR_VIS, NOMBRE_POPULAR, HEMISFERIO)
VALUES ('CYGNI', 'CYG', '+90º Y -40º', 'SEPTIEMBRE', 'CIGNUS', 'NORTE');
INSERT INTO CONSTELACIONES (GENITIVO, ABREVIATURA, LATITUDES, MES_MEJOR_VIS, NOMBRE_POPULAR, HEMISFERIO)
VALUES ('DRACONIS', 'DRA', '+90º Y -15º', 'JULIO', 'DRACO', 'NORTE');
INSERT INTO CONSTELACIONES (GENITIVO, ABREVIATURA, LATITUDES, MES_MEJOR_VIS, NOMBRE_POPULAR, HEMISFERIO)
VALUES ('DELPHINI', 'DEL', '+90º Y -70º', 'SEPTIEMBRE', 'DELFIN', 'NORTE');
INSERT INTO CONSTELACIONES (GENITIVO, ABREVIATURA, LATITUDES, MES_MEJOR_VIS, NOMBRE_POPULAR, HEMISFERIO)
VALUES ('EQUULEI', 'EQU', '+90º Y -80º', 'SEPTIEMBRE', 'EQUULEUS', 'NORTE');
INSERT INTO CONSTELACIONES (GENITIVO, ABREVIATURA, LATITUDES, MES_MEJOR_VIS, NOMBRE_POPULAR, HEMISFERIO)
VALUES ('GEMINORUM', 'GEM', '+90º Y -60º', 'FEBRERO', 'GEMINIS', 'NORTE');
INSERT INTO CONSTELACIONES (GENITIVO, ABREVIATURA, LATITUDES, MES_MEJOR_VIS, NOMBRE_POPULAR, HEMISFERIO)
VALUES ('HERCULIS', 'HER', '+90º Y -50º', 'JULIO', 'HERCULES', 'NORTE');
INSERT INTO CONSTELACIONES (GENITIVO, ABREVIATURA, LATITUDES, MES_MEJOR_VIS, NOMBRE_POPULAR, HEMISFERIO)
VALUES ('LACERTAE', 'LAC', '+90º Y -35º', 'OCTUBRE', 'LACERTA', 'NORTE');
INSERT INTO CONSTELACIONES (GENITIVO, ABREVIATURA, LATITUDES, MES_MEJOR_VIS, NOMBRE_POPULAR, HEMISFERIO)
VALUES ('LEONIS', 'LEO', '+90º Y -65º', 'ABRIL', 'LEO', 'NORTE');
INSERT INTO CONSTELACIONES (GENITIVO, ABREVIATURA, LATITUDES, MES_MEJOR_VIS, NOMBRE_POPULAR, HEMISFERIO)
VALUES ('LEONIS MINORIS', 'LMI', '+90º Y -45º', 'ABRIL', 'LEO MENOR', 'NORTE');
INSERT INTO CONSTELACIONES (GENITIVO, ABREVIATURA, LATITUDES, MES_MEJOR_VIS, NOMBRE_POPULAR, HEMISFERIO)
VALUES ('LYNCIS', 'LYN', '+90º Y -55º', 'MARZO', 'LYNX', 'NORTE');
INSERT INTO CONSTELACIONES (GENITIVO, ABREVIATURA, LATITUDES, MES_MEJOR_VIS, NOMBRE_POPULAR, HEMISFERIO)
VALUES ('LYRAE', 'LYR', '+90º Y -40º', 'AGOSTO', 'LYRA', 'NORTE');
INSERT INTO CONSTELACIONES (GENITIVO, ABREVIATURA, LATITUDES, MES_MEJOR_VIS, NOMBRE_POPULAR, HEMISFERIO)
VALUES ('MONOCEROTIS', 'MON', '+75º Y -85º', 'FEBRERO', 'MONOCEROS', 'NORTE');
INSERT INTO CONSTELACIONES (GENITIVO, ABREVIATURA, LATITUDES, MES_MEJOR_VIS, NOMBRE_POPULAR, HEMISFERIO)
VALUES ('OPHIUCHI', 'OPH', '+90º Y -80º', 'JULIO', 'OFIUCO', 'NORTE');
INSERT INTO CONSTELACIONES (GENITIVO, ABREVIATURA, LATITUDES, MES_MEJOR_VIS, NOMBRE_POPULAR, HEMISFERIO)
VALUES ('ORIONIS', 'ORI', '+85º Y -75º', 'ENERO', 'ORION', 'NORTE');
INSERT INTO CONSTELACIONES (GENITIVO, ABREVIATURA, LATITUDES, MES_MEJOR_VIS, NOMBRE_POPULAR, HEMISFERIO)
VALUES ('PEGASI', 'PEG', '+90º Y -65º', 'OCTUBRE', 'PEGASO', 'NORTE');
INSERT INTO CONSTELACIONES (GENITIVO, ABREVIATURA, LATITUDES, MES_MEJOR_VIS, NOMBRE_POPULAR, HEMISFERIO)
VALUES ('PERSEI', 'PER', '+90º Y -35º', 'DICIEMBRE', 'PERSEO', 'NORTE');
INSERT INTO CONSTELACIONES (GENITIVO, ABREVIATURA, LATITUDES, MES_MEJOR_VIS, NOMBRE_POPULAR, HEMISFERIO)
VALUES ('PISCIUM', 'PSC', '+90º Y -65º', 'NOVIEMBRE', 'PISCIS', 'NORTE');
INSERT INTO CONSTELACIONES (GENITIVO, ABREVIATURA, LATITUDES, MES_MEJOR_VIS, NOMBRE_POPULAR, HEMISFERIO)
VALUES ('SAGITTAE', 'SGE', '+90º Y -70º', 'AGOSTO', 'SAGITA', 'NORTE');
INSERT INTO CONSTELACIONES (GENITIVO, ABREVIATURA, LATITUDES, MES_MEJOR_VIS, NOMBRE_POPULAR, HEMISFERIO)
VALUES ('SERPENTIS', 'SER', '+80º Y -80º', 'JULIO', 'SERPENS', 'NORTE');
INSERT INTO CONSTELACIONES (GENITIVO, ABREVIATURA, LATITUDES, MES_MEJOR_VIS, NOMBRE_POPULAR, HEMISFERIO)
VALUES ('TAURI', 'TAU', '+90º Y -65º', 'ENERO', 'TAURO', 'NORTE');
INSERT INTO CONSTELACIONES (GENITIVO, ABREVIATURA, LATITUDES, MES_MEJOR_VIS, NOMBRE_POPULAR, HEMISFERIO)
VALUES ('TRIANGULI', 'TRI', '+90º Y -60º', 'DICIEMBRE', 'TRIANGULO', 'NORTE');
INSERT INTO CONSTELACIONES (GENITIVO, ABREVIATURA, LATITUDES, MES_MEJOR_VIS, NOMBRE_POPULAR, HEMISFERIO)
VALUES ('URSAE MAIORIS', 'UMA', '+90º Y -30º', 'ABRIL', 'OSA MAYOR', 'NORTE');
INSERT INTO CONSTELACIONES (GENITIVO, ABREVIATURA, LATITUDES, MES_MEJOR_VIS, NOMBRE_POPULAR, HEMISFERIO)
VALUES ('URSAE MINORIS', 'UMI', '+90º Y -10º', 'JUNIO', 'OSA MENOR', 'NORTE');
INSERT INTO CONSTELACIONES (GENITIVO, ABREVIATURA, LATITUDES, MES_MEJOR_VIS, NOMBRE_POPULAR, HEMISFERIO)
VALUES ('VULPECULAE', 'VUL', '+90º Y -55º', 'SEPTIEMBRE', 'VULPECULA', 'NORTE');
INSERT INTO CONSTELACIONES (GENITIVO, ABREVIATURA, LATITUDES, MES_MEJOR_VIS, NOMBRE_POPULAR, HEMISFERIO)

--CONSTELACIONES SUR
VALUES ('LIBRAE', 'LIB', '+60º Y -90º', 'JUNIO', 'LIBRA', 'SUR');
INSERT INTO CONSTELACIONES (GENITIVO, ABREVIATURA, LATITUDES, MES_MEJOR_VIS, NOMBRE_POPULAR, HEMISFERIO)
VALUES ('ANTILAE', 'ANT', '+45º Y -90º', 'ABRIL', 'ANTILA', 'SUR');
INSERT INTO CONSTELACIONES (GENITIVO, ABREVIATURA, LATITUDES, MES_MEJOR_VIS, NOMBRE_POPULAR, HEMISFERIO)
VALUES ('APODIS', 'APO', '+5º Y -90º', 'JULIO', 'APUS', 'SUR');
INSERT INTO CONSTELACIONES (GENITIVO, ABREVIATURA, LATITUDES, MES_MEJOR_VIS, NOMBRE_POPULAR, HEMISFERIO)
VALUES ('ARAE', 'ARA', '+25º Y -90º', 'JULIO', 'ARA', 'SUR');
INSERT INTO CONSTELACIONES (GENITIVO, ABREVIATURA, LATITUDES, MES_MEJOR_VIS, NOMBRE_POPULAR, HEMISFERIO)
VALUES ('CAELI', 'CAE', '+40º Y -90º', 'ENERO', 'CAELUM', 'SUR');
INSERT INTO CONSTELACIONES (GENITIVO, ABREVIATURA, LATITUDES, MES_MEJOR_VIS, NOMBRE_POPULAR, HEMISFERIO)
VALUES ('CARINAE', 'CAR', '+20º Y -90º', 'MARZO', 'CARINA', 'SUR');
INSERT INTO CONSTELACIONES (GENITIVO, ABREVIATURA, LATITUDES, MES_MEJOR_VIS, NOMBRE_POPULAR, HEMISFERIO)
VALUES ('CENTAURI', 'CEN', '+30º Y -90º', 'MAYO', 'CENTAURO', 'SUR');
INSERT INTO CONSTELACIONES (GENITIVO, ABREVIATURA, LATITUDES, MES_MEJOR_VIS, NOMBRE_POPULAR, HEMISFERIO)
VALUES ('CETI', 'CET', '+70º Y -90º', 'NOVIEMBRE', 'CETUS', 'SUR');
INSERT INTO CONSTELACIONES (GENITIVO, ABREVIATURA, LATITUDES, MES_MEJOR_VIS, NOMBRE_POPULAR, HEMISFERIO)
VALUES ('CHAMALEONTIS', 'CHA', '+0º Y -90º', 'ABRIL', 'CAMALEON', 'SUR');
INSERT INTO CONSTELACIONES (GENITIVO, ABREVIATURA, LATITUDES, MES_MEJOR_VIS, NOMBRE_POPULAR, HEMISFERIO)
VALUES ('CIRCINI', 'CIR', '+10º Y -90º', 'JUNIO', 'CIRCINUS', 'SUR');
INSERT INTO CONSTELACIONES (GENITIVO, ABREVIATURA, LATITUDES, MES_MEJOR_VIS, NOMBRE_POPULAR, HEMISFERIO)
VALUES ('COLUMBAE', 'COL', '+45º Y -90º', 'FEBRERO', 'COLUMBA', 'SUR');
INSERT INTO CONSTELACIONES (GENITIVO, ABREVIATURA, LATITUDES, MES_MEJOR_VIS, NOMBRE_POPULAR, HEMISFERIO)
VALUES ('CORONA AUSTRALIS', 'CRA', '+40º Y -90º', 'AGOSTO', 'CORONA AUSTRAL', 'SUR');
INSERT INTO CONSTELACIONES (GENITIVO, ABREVIATURA, LATITUDES, MES_MEJOR_VIS, NOMBRE_POPULAR, HEMISFERIO)
VALUES ('CORVI', 'CRV', '+60º Y -90º', 'MAYO', 'CORVUS', 'SUR');
INSERT INTO CONSTELACIONES (GENITIVO, ABREVIATURA, LATITUDES, MES_MEJOR_VIS, NOMBRE_POPULAR, HEMISFERIO)
VALUES ('CRATERIS', 'CRT', '+65º Y -90º', 'ABRIL', 'CRATER', 'SUR');
INSERT INTO CONSTELACIONES (GENITIVO, ABREVIATURA, LATITUDES, MES_MEJOR_VIS, NOMBRE_POPULAR, HEMISFERIO)
VALUES ('CRUCIS', 'CRU', '+20º Y -90º', 'MAYO', 'CRU', 'SUR');
INSERT INTO CONSTELACIONES (GENITIVO, ABREVIATURA, LATITUDES, MES_MEJOR_VIS, NOMBRE_POPULAR, HEMISFERIO)
VALUES ('DORADUS', 'DOR', '+20º Y -90º', 'FEBRERO', 'DORADO', 'SUR');
INSERT INTO CONSTELACIONES (GENITIVO, ABREVIATURA, LATITUDES, MES_MEJOR_VIS, NOMBRE_POPULAR, HEMISFERIO)
VALUES ('ERIDANI', 'ERI', '+32º Y -90º', 'DICIEMBRE', 'ERIDANUS', 'SUR');
INSERT INTO CONSTELACIONES (GENITIVO, ABREVIATURA, LATITUDES, MES_MEJOR_VIS, NOMBRE_POPULAR, HEMISFERIO)
VALUES ('FORNACIS', 'FOR', '+50º Y -90º', 'DICIEMBRE', 'FORNAX', 'SUR');
INSERT INTO CONSTELACIONES (GENITIVO, ABREVIATURA, LATITUDES, MES_MEJOR_VIS, NOMBRE_POPULAR, HEMISFERIO)
VALUES ('GRUIS', 'GRU', '+34º Y -90º', 'OCTUBRE', 'GRUS', 'SUR');
INSERT INTO CONSTELACIONES (GENITIVO, ABREVIATURA, LATITUDES, MES_MEJOR_VIS, NOMBRE_POPULAR, HEMISFERIO)
VALUES ('HOROLOGII', 'HOR', '+30º Y -90º', 'DICIEMBRE', 'HOROLOGIUM', 'SUR');
INSERT INTO CONSTELACIONES (GENITIVO, ABREVIATURA, LATITUDES, MES_MEJOR_VIS, NOMBRE_POPULAR, HEMISFERIO)
VALUES ('HYDRAE', 'HYD', '+54º Y -83º', 'ABRIL', 'HYDRA', 'SUR');
INSERT INTO CONSTELACIONES (GENITIVO, ABREVIATURA, LATITUDES, MES_MEJOR_VIS, NOMBRE_POPULAR, HEMISFERIO)
VALUES ('HYDRI', 'HYI', '+8º Y -90º', 'DICIEMBRE', 'HYDRUS', 'SUR');
INSERT INTO CONSTELACIONES (GENITIVO, ABREVIATURA, LATITUDES, MES_MEJOR_VIS, NOMBRE_POPULAR, HEMISFERIO)
VALUES ('INDI', 'IND', '+15º Y -90º', 'SEPTIEMBRE', 'INDUS', 'SUR');
INSERT INTO CONSTELACIONES (GENITIVO, ABREVIATURA, LATITUDES, MES_MEJOR_VIS, NOMBRE_POPULAR, HEMISFERIO)
VALUES ('LEPORIS', 'LEP', '+63º Y -90º', 'ENERO', 'LEPUS', 'SUR');
INSERT INTO CONSTELACIONES (GENITIVO, ABREVIATURA, LATITUDES, MES_MEJOR_VIS, NOMBRE_POPULAR, HEMISFERIO)
VALUES ('LUPI', 'LUP', '+35º Y -90º', 'JUNIO', 'LUPUS', 'SUR');
INSERT INTO CONSTELACIONES (GENITIVO, ABREVIATURA, LATITUDES, MES_MEJOR_VIS, NOMBRE_POPULAR, HEMISFERIO)
VALUES ('MENSAE', 'MEN', '+4º Y -90º', 'ENERO', 'MENSA', 'SUR');
INSERT INTO CONSTELACIONES (GENITIVO, ABREVIATURA, LATITUDES, MES_MEJOR_VIS, NOMBRE_POPULAR, HEMISFERIO)
VALUES ('MICROSCOPII', 'MIC', '+62º Y -90º', 'SEPTIEMBRE', 'MICROSCOPIUM', 'SUR');
INSERT INTO CONSTELACIONES (GENITIVO, ABREVIATURA, LATITUDES, MES_MEJOR_VIS, NOMBRE_POPULAR, HEMISFERIO)
VALUES ('MUSCAE', 'MUS', '+10º Y -90º', 'MAYO', 'MUSCA', 'SUR');
INSERT INTO CONSTELACIONES (GENITIVO, ABREVIATURA, LATITUDES, MES_MEJOR_VIS, NOMBRE_POPULAR, HEMISFERIO)
VALUES ('NORMAE', 'NOR', '+30º Y -90º', 'JULIO', 'NORMA', 'SUR');
INSERT INTO CONSTELACIONES (GENITIVO, ABREVIATURA, LATITUDES, MES_MEJOR_VIS, NOMBRE_POPULAR, HEMISFERIO)
VALUES ('OCTANTIS', 'OCT', '+0º Y -90º', 'OCTUBRE', 'OCTANS', 'SUR');
INSERT INTO CONSTELACIONES (GENITIVO, ABREVIATURA, LATITUDES, MES_MEJOR_VIS, NOMBRE_POPULAR, HEMISFERIO)
VALUES ('PAVONIS', 'PAV', '+30º Y -90º', 'AGOSTO', 'PAVO', 'SUR');
INSERT INTO CONSTELACIONES (GENITIVO, ABREVIATURA, LATITUDES, MES_MEJOR_VIS, NOMBRE_POPULAR, HEMISFERIO)
VALUES ('PHOENICIS', 'PHE', '+32º Y -90º', 'NOVIEMBRE', 'FENIX', 'SUR');
INSERT INTO CONSTELACIONES (GENITIVO, ABREVIATURA, LATITUDES, MES_MEJOR_VIS, NOMBRE_POPULAR, HEMISFERIO)
VALUES ('PICTOR', 'PIC', '+26º Y -90º', 'ENERO', 'PICTOR', 'SUR');
INSERT INTO CONSTELACIONES (GENITIVO, ABREVIATURA, LATITUDES, MES_MEJOR_VIS, NOMBRE_POPULAR, HEMISFERIO)
VALUES ('PISCIS AUSTRINI', 'PSA', '+55º Y -90º', 'OCTUBRE', 'PEZ AUSTRAL', 'SUR');
INSERT INTO CONSTELACIONES (GENITIVO, ABREVIATURA, LATITUDES, MES_MEJOR_VIS, NOMBRE_POPULAR, HEMISFERIO)
VALUES ('PUPPIS', 'PUP', '+40º Y -90º', 'FEBRERO', 'POPA', 'SUR');
INSERT INTO CONSTELACIONES (GENITIVO, ABREVIATURA, LATITUDES, MES_MEJOR_VIS, NOMBRE_POPULAR, HEMISFERIO)
VALUES ('PYXIDIS', 'PYX', '+50º Y -90º', 'MARZO', 'BRUJULA', 'SUR');
INSERT INTO CONSTELACIONES (GENITIVO, ABREVIATURA, LATITUDES, MES_MEJOR_VIS, NOMBRE_POPULAR, HEMISFERIO)
VALUES ('RETICULI', 'RET', '+23º Y -90º', 'ENERO', 'RETICULUM', 'SUR');
INSERT INTO CONSTELACIONES (GENITIVO, ABREVIATURA, LATITUDES, MES_MEJOR_VIS, NOMBRE_POPULAR, HEMISFERIO)
VALUES ('SAGITTARI', 'SGR', '+55º Y -90º', 'AGOSTO', 'SAGITARIO', 'SUR');
INSERT INTO CONSTELACIONES (GENITIVO, ABREVIATURA, LATITUDES, MES_MEJOR_VIS, NOMBRE_POPULAR, HEMISFERIO)
VALUES ('SCORPII', 'SCO', '+40º Y -90º', 'JULIO', 'ESCORPIO', 'SUR');
INSERT INTO CONSTELACIONES (GENITIVO, ABREVIATURA, LATITUDES, MES_MEJOR_VIS, NOMBRE_POPULAR, HEMISFERIO)
VALUES ('SCULPTORIS', 'SCL', '+50º Y -90º', 'NOVIEMBRE', 'ESCULTOR', 'SUR');
INSERT INTO CONSTELACIONES (GENITIVO, ABREVIATURA, LATITUDES, MES_MEJOR_VIS, NOMBRE_POPULAR, HEMISFERIO)
VALUES ('SCUTI', 'SCT', '+80º Y -90º', 'AGOSTO', 'SCUTUM', 'SUR');
INSERT INTO CONSTELACIONES (GENITIVO, ABREVIATURA, LATITUDES, MES_MEJOR_VIS, NOMBRE_POPULAR, HEMISFERIO)
VALUES ('SEXTANTIS', 'SEX', '+80º Y -80º', 'ABRIL', 'SEXTANS', 'SUR');
INSERT INTO CONSTELACIONES (GENITIVO, ABREVIATURA, LATITUDES, MES_MEJOR_VIS, NOMBRE_POPULAR, HEMISFERIO)
VALUES ('TRIANGULI AUSTRALIS', 'TRA', '+25º Y -90º', 'JULIO', 'TRIANGULO AUSTRAL', 'SUR');
INSERT INTO CONSTELACIONES (GENITIVO, ABREVIATURA, LATITUDES, MES_MEJOR_VIS, NOMBRE_POPULAR, HEMISFERIO)
VALUES ('TUCANAE', 'TUC', '+25º Y -90º', 'NOVIEMBRE', 'TUCANA', 'SUR');
INSERT INTO CONSTELACIONES (GENITIVO, ABREVIATURA, LATITUDES, MES_MEJOR_VIS, NOMBRE_POPULAR, HEMISFERIO)
VALUES ('VIRGINIS', 'VIR', '+80º Y -80º', 'MAYO', 'VIRGO', 'SUR');
INSERT INTO CONSTELACIONES (GENITIVO, ABREVIATURA, LATITUDES, MES_MEJOR_VIS, NOMBRE_POPULAR, HEMISFERIO)
VALUES ('VELORUM', 'VEL', '+30º Y -90º', 'MARZO', 'VELA', 'SUR');
INSERT INTO CONSTELACIONES (GENITIVO, ABREVIATURA, LATITUDES, MES_MEJOR_VIS, NOMBRE_POPULAR, HEMISFERIO)
VALUES ('VOLANTIS', 'VOL', '+15º Y -90º', 'MARZO', 'VOLANS', 'SUR');
INSERT INTO CONSTELACIONES (GENITIVO, ABREVIATURA) VALUES ('SOLIS', 'SOL');

-- COMETAS
DELETE COMETA;
INSERT INTO COMETA (NOMBRE_COMETA, FECHA_DESC, DESCUBRIDOR) 
VALUES ('SWIFT TUTTLE','16/07/1862','LEWIS SWIFT');
INSERT INTO COMETA (NOMBRE_COMETA, FECHA_DESC, DESCUBRIDOR)
VALUES ('FAETON','11/11/1983','SIMON GREEN Y JOHN.K DAVIS');
INSERT INTO COMETA (NOMBRE_COMETA, FECHA_DESC, DESCUBRIDOR)
VALUES ('GIACOBINI-ZINNER','20/12/1900','MICHEL GIACOBINI Y ERNEST ZINNER');
INSERT INTO COMETA (NOMBRE_COMETA, FECHA_DESC, DESCUBRIDOR)
VALUES ('C/1490 Y1', NULL, NULL);
INSERT INTO COMETA (NOMBRE_COMETA, FECHA_DESC, DESCUBRIDOR)
VALUES ('HALLEY','25/12/1758','EDMUND HALLEY');
INSERT INTO COMETA (NOMBRE_COMETA, FECHA_DESC, DESCUBRIDOR)
VALUES ('TEMPLE TUTTLE','19/12/1865','WILLHEM TEMPLE');
INSERT INTO COMETA (NOMBRE_COMETA, FECHA_DESC, DESCUBRIDOR)
VALUES ('TATCHER',NULL,NULL);

-- LLUVIAS DE ESTRELLAS

INSERT INTO LLUVIA_ESTRELLAS (NOMBRE_LLUVIA, NOM_COMETA, GENITIVO_CONST_LLUVIA, INICIO, FIN, RADIANTE, METEOROS_HORA)
VALUES ('PERSEIDAS','SWIFT TUTTLE', 'PERSEI','17/07', '24/08', '12/08', 100);
INSERT INTO LLUVIA_ESTRELLAS (NOMBRE_LLUVIA, NOM_COMETA, GENITIVO_CONST_LLUVIA, INICIO, FIN, RADIANTE, METEOROS_HORA)
VALUES ('GEMINIDAS','FAETON', 'GEMINORUM','07/12','17/12','13/12', 120);
INSERT INTO LLUVIA_ESTRELLAS (NOMBRE_LLUVIA, NOM_COMETA, GENITIVO_CONST_LLUVIA, INICIO, FIN, RADIANTE, METEOROS_HORA)
VALUES ('DRACONIDAS','GIACOBINI-ZINNER', 'DRACONIS','06/10','10/10', '08/10', NULL);
INSERT INTO LLUVIA_ESTRELLAS (NOMBRE_LLUVIA, NOM_COMETA, GENITIVO_CONST_LLUVIA, INICIO, FIN, RADIANTE, METEOROS_HORA)
VALUES ('CUADRANTIDAS','C/1490 Y1', 'DRACONIS','01/01','05/01', '03/01', 120);
INSERT INTO LLUVIA_ESTRELLAS (NOMBRE_LLUVIA, NOM_COMETA, GENITIVO_CONST_LLUVIA, INICIO, FIN, RADIANTE, METEOROS_HORA)
VALUES ('ORIONIDAS','HALLEY', 'DRACONIS','02/10','07/11', '21/10', 23);
INSERT INTO LLUVIA_ESTRELLAS (NOMBRE_LLUVIA, NOM_COMETA, GENITIVO_CONST_LLUVIA, INICIO, FIN, RADIANTE, METEOROS_HORA)
VALUES ('LEONIDAS','TEMPLE TUTTLE', 'LEONIS','15/11','21/11', '17/11', 20);
INSERT INTO LLUVIA_ESTRELLAS (NOMBRE_LLUVIA, NOM_COMETA, GENITIVO_CONST_LLUVIA, INICIO, FIN, RADIANTE, METEOROS_HORA)
VALUES ('LIRIDAS','TATCHER', 'LYRAE','16/04','25/04', '24/04', 18);

 
-- ASTERISMOS

INSERT INTO ASTERISMOS (NOM_ASTERISMO, VISIBILIDAD, HEMISFERIO)
VALUES ('EL CARRO','CIRCUMPOLAR', 'NORTE');
INSERT INTO ASTERISMOS (NOM_ASTERISMO, VISIBILIDAD, HEMISFERIO)
VALUES ('TRIANGULO DE VERANO','VERANO', 'NORTE');
INSERT INTO ASTERISMOS (NOM_ASTERISMO, VISIBILIDAD, HEMISFERIO)
VALUES ('CINTURON DE ORION', 'INVIERNO/VERANO', 'NORTE/SUR');
INSERT INTO ASTERISMOS (NOM_ASTERISMO, VISIBILIDAD, HEMISFERIO)
VALUES ('DIAMANTE DE VIRGO', 'PRIMAVERA', 'NORTE');
INSERT INTO ASTERISMOS (NOM_ASTERISMO, VISIBILIDAD, HEMISFERIO)
VALUES ('LA CAJA DE OFIUCO', 'VERANO', 'NORTE');
INSERT INTO ASTERISMOS (NOM_ASTERISMO, VISIBILIDAD, HEMISFERIO)
VALUES ('CUADRANTE DE PEGASO', 'OTOÑO/PRIMAVERA', 'NORTE/SUR');
INSERT INTO ASTERISMOS (NOM_ASTERISMO, VISIBILIDAD, HEMISFERIO)
VALUES ('TRIANGULO DE INVIERNO', 'INVIERNO', 'NORTE');
INSERT INTO ASTERISMOS (NOM_ASTERISMO, VISIBILIDAD, HEMISFERIO)
VALUES ('FALSA CRUZ', 'CIRCUMPOLAR', 'SUR');
INSERT INTO ASTERISMOS (NOM_ASTERISMO, VISIBILIDAD, HEMISFERIO)
VALUES ('CABEZA DEL DRAGON', 'CIRCUMPOLAR', 'NORTE');
INSERT INTO ASTERISMOS (NOM_ASTERISMO, VISIBILIDAD, HEMISFERIO)
VALUES ('LA TETERA', 'ECLIPTICA', 'NORTE/SUR');
INSERT INTO ASTERISMOS (NOM_ASTERISMO, VISIBILIDAD, HEMISFERIO)
VALUES ('LA PERCHA', 'VERANO/INVIERNO', 'NORTE/SUR');

-- ESTRELLAS

INSERT INTO ESTRELLAS (LETRA, GENITIVO_CONST_EST,NOM_ESTRELLA,TIPO, MAGNITUD, DISTANCIA_AÑOSLUZ, NOMBRE_ASTERISMO, NUM_CAT_NEBULOSA, NUM_CAT_CUMULO)
VALUES ('ALFA','URSAE MINORIS', 'POLARIS','SUPERGIGANTE AMARILLA', 1.97, 433, NULL, NULL, NULL);
INSERT INTO ESTRELLAS (LETRA, GENITIVO_CONST_EST,NOM_ESTRELLA,TIPO, MAGNITUD, DISTANCIA_AÑOSLUZ, NOMBRE_ASTERISMO, NUM_CAT_NEBULOSA, NUM_CAT_CUMULO) 
VALUES ('ALFA','TAURI', 'ALDEBARAN', 'GIGANTE ROJA', 0.85, 65, NULL, NULL, NULL);
INSERT INTO ESTRELLAS (LETRA, GENITIVO_CONST_EST,NOM_ESTRELLA,TIPO, MAGNITUD, DISTANCIA_AÑOSLUZ, NOMBRE_ASTERISMO, NUM_CAT_NEBULOSA, NUM_CAT_CUMULO) 
VALUES ('ALFA','CANIS MAIORIS','SIRIO', 'BLANCA',1.46, 8, 'TRIANGULO DE INVIERNO', NULL, NULL);
INSERT INTO ESTRELLAS (LETRA, GENITIVO_CONST_EST,NOM_ESTRELLA,TIPO, MAGNITUD, DISTANCIA_AÑOSLUZ, NOMBRE_ASTERISMO,  NUM_CAT_NEBULOSA, NUM_CAT_CUMULO) 
VALUES ('HO','LIBRAE', 'GLIESE 581','ENANA ROJA',10.5,20, NULL, NULL, NULL);
INSERT INTO ESTRELLAS (LETRA, GENITIVO_CONST_EST,NOM_ESTRELLA, TIPO, MAGNITUD, DISTANCIA_AÑOSLUZ, NOMBRE_ASTERISMO, NUM_CAT_NEBULOSA, NUM_CAT_CUMULO) 
VALUES ('0','SOLIS', 'SOL', 'ENANA AMARILLA', -26.7,  0.000015, NULL, NULL, NULL);
INSERT INTO ESTRELLAS (LETRA, GENITIVO_CONST_EST,NOM_ESTRELLA,MAGNITUD, DISTANCIA_AÑOSLUZ, NOMBRE_ASTERISMO, NUM_CAT_NEBULOSA, NUM_CAT_CUMULO) 
VALUES ('UPSILON','ANDROMEDAE', 'TITAWIN',4.1, 44, NULL, NULL, NULL);
INSERT INTO ESTRELLAS (LETRA, GENITIVO_CONST_EST,NOM_ESTRELLA,TIPO, MAGNITUD, DISTANCIA_AÑOSLUZ, NOMBRE_ASTERISMO, NUM_CAT_NEBULOSA, NUM_CAT_CUMULO) 
VALUES ('ALFA','ANDROMEDAE', 'SIRRAH', 'BLANCA/AZUL',2.06, 97, NULL, NULL, NULL);
INSERT INTO ESTRELLAS (LETRA, GENITIVO_CONST_EST,NOM_ESTRELLA, TIPO, MAGNITUD, DISTANCIA_AÑOSLUZ, NOMBRE_ASTERISMO, NUM_CAT_NEBULOSA, NUM_CAT_CUMULO) 
VALUES ('BETA','ANDROMEDAE', 'MIRACH','GIGANTE ROJA',2.07, 200, NULL, NULL, NULL);
INSERT INTO ESTRELLAS (LETRA, GENITIVO_CONST_EST,NOM_ESTRELLA, TIPO, MAGNITUD, DISTANCIA_AÑOSLUZ, NOMBRE_ASTERISMO, NUM_CAT_NEBULOSA, NUM_CAT_CUMULO) 
VALUES ('GAMMA','ANDROMEDAE', 'ALMAK','GIGANTE NARANJA',2.56, 350, NULL, NULL, NULL);
INSERT INTO ESTRELLAS (LETRA, GENITIVO_CONST_EST,NOM_ESTRELLA, TIPO, MAGNITUD, DISTANCIA_AÑOSLUZ, NOMBRE_ASTERISMO, NUM_CAT_NEBULOSA, NUM_CAT_CUMULO) 
VALUES ('B','URSAE MINORIS', 'POLARIS B',NULL,8, NULL, NULL, NULL, NULL);
INSERT INTO ESTRELLAS (LETRA, GENITIVO_CONST_EST,NOM_ESTRELLA, TIPO, MAGNITUD, DISTANCIA_AÑOSLUZ, NOMBRE_ASTERISMO, NUM_CAT_NEBULOSA, NUM_CAT_CUMULO) 
VALUES ('C','URSAE MINORIS', 'POLARIS C','ENANA AMARILLA',NULL, NULL, NULL, NULL, NULL);
INSERT INTO ESTRELLAS (LETRA, GENITIVO_CONST_EST,NOM_ESTRELLA, TIPO, MAGNITUD, DISTANCIA_AÑOSLUZ, NOMBRE_ASTERISMO, NUM_CAT_NEBULOSA, NUM_CAT_CUMULO) 
VALUES ('B','TAURI', 'ALDEBARAN B','ENANA ROJA',13.5, NULL, NULL, NULL, NULL);
INSERT INTO ESTRELLAS (LETRA, GENITIVO_CONST_EST,NOM_ESTRELLA, TIPO, MAGNITUD, DISTANCIA_AÑOSLUZ, NOMBRE_ASTERISMO, NUM_CAT_NEBULOSA, NUM_CAT_CUMULO) 
VALUES ('B','CANIS MAIORIS', 'SIRIO B','ENANA BLANCA',13.5, NULL, NULL, NULL, NULL);
INSERT INTO ESTRELLAS (LETRA, GENITIVO_CONST_EST,NOM_ESTRELLA,TIPO, MAGNITUD, DISTANCIA_AÑOSLUZ, NOMBRE_ASTERISMO, NUM_CAT_NEBULOSA, NUM_CAT_CUMULO) 
VALUES ('ALFA','AQUARII','SADALMELIK', 'SUPERGIGANTE AMARILLA',2.9, 760, NULL, NULL, NULL);
INSERT INTO ESTRELLAS (LETRA, GENITIVO_CONST_EST,NOM_ESTRELLA,TIPO, MAGNITUD, DISTANCIA_AÑOSLUZ, NOMBRE_ASTERISMO, NUM_CAT_NEBULOSA, NUM_CAT_CUMULO) 
VALUES ('BETA','AQUARII','SADALSUUD', 'SUPERGIGANTE AMARILLA', 2.9, 610, NULL, NULL, NULL);
INSERT INTO ESTRELLAS (LETRA, GENITIVO_CONST_EST,NOM_ESTRELLA,TIPO, MAGNITUD, DISTANCIA_AÑOSLUZ, NOMBRE_ASTERISMO, NUM_CAT_NEBULOSA, NUM_CAT_CUMULO) 
VALUES ('GAMMA','AQUARII','SADACHBIA', 'BLANCA',3.8, 158, NULL, NULL, NULL);
INSERT INTO ESTRELLAS (LETRA, GENITIVO_CONST_EST,NOM_ESTRELLA,TIPO, MAGNITUD, DISTANCIA_AÑOSLUZ, NOMBRE_ASTERISMO, NUM_CAT_NEBULOSA, NUM_CAT_CUMULO) 
VALUES ('DELTA','AQUARII','SKAT', 'BLANCA',3.2, 160, NULL, NULL, NULL);
INSERT INTO ESTRELLAS (LETRA, GENITIVO_CONST_EST,NOM_ESTRELLA,TIPO, MAGNITUD, DISTANCIA_AÑOSLUZ, NOMBRE_ASTERISMO, NUM_CAT_NEBULOSA, NUM_CAT_CUMULO) 
VALUES ('EPSILON','AQUARII','ALBALI', 'BLANCA/AZUL',3.7, 229, NULL, NULL, NULL);
INSERT INTO ESTRELLAS (LETRA, GENITIVO_CONST_EST,NOM_ESTRELLA,TIPO, MAGNITUD, DISTANCIA_AÑOSLUZ, NOMBRE_ASTERISMO,  NUM_CAT_NEBULOSA, NUM_CAT_CUMULO) 
VALUES ('ZETA','AQUARII','ANCHA', 'GIGANTE AMARILLA',4.3, -19, NULL, NULL, NULL);
INSERT INTO ESTRELLAS (LETRA, GENITIVO_CONST_EST,NOM_ESTRELLA,TIPO, MAGNITUD, DISTANCIA_AÑOSLUZ, NOMBRE_ASTERISMO, NUM_CAT_NEBULOSA, NUM_CAT_CUMULO) 
VALUES ('88','AQUARII',NULL, 'GIGANTE NARANJA',3.6, 270, NULL, NULL, NULL);
INSERT INTO ESTRELLAS (LETRA, GENITIVO_CONST_EST,NOM_ESTRELLA,TIPO, MAGNITUD, DISTANCIA_AÑOSLUZ, NOMBRE_ASTERISMO,  NUM_CAT_NEBULOSA, NUM_CAT_CUMULO) 
VALUES ('ALFA','AQUILAE','ALTAIR', 'BLANCA/AZUL',0.7, 16,'TRIANGULO DE VERANO', NULL, NULL);
INSERT INTO ESTRELLAS (LETRA, GENITIVO_CONST_EST,NOM_ESTRELLA,TIPO, MAGNITUD, DISTANCIA_AÑOSLUZ, NOMBRE_ASTERISMO,  NUM_CAT_NEBULOSA, NUM_CAT_CUMULO) 
VALUES ('ETA','CARINAE','ETA CARINAE', 'HIPERGIGANTE AZUL',6, 7500, NULL, NULL, NULL);


-- AGRUPACION
DELETE AGRUPACION;

INSERT INTO AGRUPACION (LETRA_EST, GENITIVO_CONST_EST,LETRA_EST_AGR, GENITIVO_CONST_EST_AGR) 
VALUES ('ALFA','URSAE MINORIS', 'B','URSAE MINORIS');
INSERT INTO AGRUPACION (LETRA_EST, GENITIVO_CONST_EST,LETRA_EST_AGR, GENITIVO_CONST_EST_AGR) 
VALUES ('ALFA','URSAE MINORIS', 'C','URSAE MINORIS');
INSERT INTO AGRUPACION (LETRA_EST, GENITIVO_CONST_EST,LETRA_EST_AGR, GENITIVO_CONST_EST_AGR) 
VALUES ('B','URSAE MINORIS', 'ALFA','URSAE MINORIS');
INSERT INTO AGRUPACION (LETRA_EST, GENITIVO_CONST_EST,LETRA_EST_AGR, GENITIVO_CONST_EST_AGR) 
VALUES ('B','URSAE MINORIS', 'C','URSAE MINORIS');
INSERT INTO AGRUPACION (LETRA_EST, GENITIVO_CONST_EST,LETRA_EST_AGR, GENITIVO_CONST_EST_AGR) 
VALUES ('C','URSAE MINORIS', 'ALFA','URSAE MINORIS');
INSERT INTO AGRUPACION (LETRA_EST, GENITIVO_CONST_EST,LETRA_EST_AGR, GENITIVO_CONST_EST_AGR) 
VALUES ('C','URSAE MINORIS', 'B','URSAE MINORIS');
INSERT INTO AGRUPACION (LETRA_EST, GENITIVO_CONST_EST,LETRA_EST_AGR, GENITIVO_CONST_EST_AGR) 
VALUES ('ALFA','TAURI', 'B','TAURI');
INSERT INTO AGRUPACION (LETRA_EST, GENITIVO_CONST_EST,LETRA_EST_AGR, GENITIVO_CONST_EST_AGR) 
VALUES ('B','TAURI', 'ALFA','TAURI');
INSERT INTO AGRUPACION (LETRA_EST, GENITIVO_CONST_EST,LETRA_EST_AGR, GENITIVO_CONST_EST_AGR) 
VALUES ('ALFA','CANIS MAIORIS', 'B','CANIS MAIORIS');
INSERT INTO AGRUPACION (LETRA_EST, GENITIVO_CONST_EST,LETRA_EST_AGR, GENITIVO_CONST_EST_AGR) 
VALUES ('B','CANIS MAIORIS', 'ALFA','CANIS MAIORIS');


-- PLANETARIAS

INSERT INTO PLANETARIA (LETRA_EST_PL, GENITIVO_CONST_PL, SISTEMA)
VALUES ('0','SOLIS', 'SISEMA SOLAR');
INSERT INTO PLANETARIA (LETRA_EST_PL, GENITIVO_CONST_PL, SISTEMA)
VALUES ('UPSILON','ANDROMEDAE', 'UPSILON ANDROMEDAE');
INSERT INTO PLANETARIA (LETRA_EST_PL, GENITIVO_CONST_PL, SISTEMA)
VALUES ('HO','LIBRAE', 'GLIESE 581');

-- PLANETAS

INSERT INTO PLANETA (NOM_PLANETA, TIPO, ZONA_HABITABLE, DIAMETRO_KM, LETRA_EST_PL, GENITIVO_EST_PL, DIST_EST_MILLONES_KM)
VALUES ('JUPITER','GASEOSO', 'NO',143000, '0', 'SOLIS', 778);
INSERT INTO PLANETA (NOM_PLANETA, TIPO, ZONA_HABITABLE, DIAMETRO_KM, LETRA_EST_PL, GENITIVO_EST_PL, DIST_EST_MILLONES_KM)
VALUES ('SATURNO','GASEOSO', 'NO', 120536, '0', 'SOLIS', 1429);
INSERT INTO PLANETA (NOM_PLANETA, TIPO, ZONA_HABITABLE, DIAMETRO_KM, LETRA_EST_PL, GENITIVO_EST_PL, DIST_EST_MILLONES_KM)
VALUES ('GLIESE 581-C', 'ROCOSO', 'SI', 19113,'HO', 'LIBRAE', 11);
INSERT INTO PLANETA (NOM_PLANETA, TIPO, ZONA_HABITABLE, DIAMETRO_KM, LETRA_EST_PL, GENITIVO_EST_PL, DIST_EST_MILLONES_KM)
VALUES ('SAFFAR','GASEOSO', 'NO', NULL, 'UPSILON', 'ANDROMEDAE', 9);
INSERT INTO PLANETA (NOM_PLANETA, TIPO, ZONA_HABITABLE, DIAMETRO_KM, LETRA_EST_PL, GENITIVO_EST_PL, DIST_EST_MILLONES_KM)
VALUES ('MERCURIO','ROCOSO', 'NO', 48800, '0', 'SOLIS', 58);
INSERT INTO PLANETA (NOM_PLANETA, TIPO, ZONA_HABITABLE, DIAMETRO_KM, LETRA_EST_PL, GENITIVO_EST_PL, DIST_EST_MILLONES_KM)
VALUES ('VENUS','ROCOSO', 'NO', 12103, '0', 'SOLIS', 108);
INSERT INTO PLANETA (NOM_PLANETA, TIPO, ZONA_HABITABLE, DIAMETRO_KM, LETRA_EST_PL, GENITIVO_EST_PL, DIST_EST_MILLONES_KM)
VALUES ('MARTE','ROCOSO', 'SI', 6779, '0', 'SOLIS', 228);
INSERT INTO PLANETA (NOM_PLANETA, TIPO, ZONA_HABITABLE, DIAMETRO_KM, LETRA_EST_PL, GENITIVO_EST_PL, DIST_EST_MILLONES_KM)
VALUES ('PLUTON','ROCOSO', 'NO', 2370, '0', 'SOLIS', 5934);

--SATELITES

INSERT INTO SATELITE (NOM_SATELITE, DIAMETRO_KM, NOM_PLANETA_S)
VALUES ('EUROPA', 3121,'JUPITER');
INSERT INTO SATELITE (NOM_SATELITE, DIAMETRO_KM, NOM_PLANETA_S)
VALUES ('METIS', 43,'JUPITER');
INSERT INTO SATELITE (NOM_SATELITE, DIAMETRO_KM, NOM_PLANETA_S)
VALUES ('ADRASTEA', 16,'JUPITER');
INSERT INTO SATELITE (NOM_SATELITE, DIAMETRO_KM, NOM_PLANETA_S)
VALUES ('AMALTEA', 167,'JUPITER');
INSERT INTO SATELITE (NOM_SATELITE, DIAMETRO_KM, NOM_PLANETA_S)
VALUES ('TEBE', 98,'JUPITER');
INSERT INTO SATELITE (NOM_SATELITE, DIAMETRO_KM, NOM_PLANETA_S)
VALUES ('IO', 3643,'JUPITER');
INSERT INTO SATELITE (NOM_SATELITE, DIAMETRO_KM, NOM_PLANETA_S)
VALUES ('GANIMIDES', 2634,'JUPITER');
INSERT INTO SATELITE (NOM_SATELITE, DIAMETRO_KM, NOM_PLANETA_S)
VALUES ('TITAN', 5150,'SATURNO');
INSERT INTO SATELITE (NOM_SATELITE, DIAMETRO_KM, NOM_PLANETA_S)
VALUES ('ENCELADO', 505,'SATURNO');

-- OBJETOS

--CON NOMBRE

INSERT INTO OBJETOS (NUM_CATALOGO,NOM_OBJETO, MAGNITUD, DISTANCIA_AÑOSLUZ, GENITIVO_CONST_OBJ)
VALUES ('M1', 'NEBULOSA DEL CANGREJO',9, 6300,'TAURI');
INSERT INTO OBJETOS (NUM_CATALOGO,NOM_OBJETO, MAGNITUD, DISTANCIA_AÑOSLUZ, GENITIVO_CONST_OBJ)
VALUES ('M16', 'NEBULOSA DEL AGUILA',6.5, 5700,'SERPENTIS');
INSERT INTO OBJETOS (NUM_CATALOGO,NOM_OBJETO, MAGNITUD, DISTANCIA_AÑOSLUZ, GENITIVO_CONST_OBJ)
VALUES ('M27', 'NEBULOSA DUMBBELL',7.5, 1250,'VULPECULAE');
INSERT INTO OBJETOS (NUM_CATALOGO,NOM_OBJETO, MAGNITUD, DISTANCIA_AÑOSLUZ, GENITIVO_CONST_OBJ)
VALUES ('M31', 'GALAXIA DE ANDROMEDA',3.5, 2500000,'ANDROMEDAE');
INSERT INTO OBJETOS (NUM_CATALOGO,NOM_OBJETO, MAGNITUD, DISTANCIA_AÑOSLUZ, GENITIVO_CONST_OBJ)
VALUES ('M33', 'GALAXIA DEL TRIANGULO',7, 2800000,'TRIANGULI');
INSERT INTO OBJETOS (NUM_CATALOGO,NOM_OBJETO, MAGNITUD, DISTANCIA_AÑOSLUZ, GENITIVO_CONST_OBJ)
VALUES ('M44', 'EL PESEBRE',4, 577,'CANCRI');
INSERT INTO OBJETOS (NUM_CATALOGO,NOM_OBJETO, MAGNITUD, DISTANCIA_AÑOSLUZ, GENITIVO_CONST_OBJ)
VALUES ('M45', 'PLEYADES',1.4, 440,'TAURI');
INSERT INTO OBJETOS (NUM_CATALOGO,NOM_OBJETO, MAGNITUD, DISTANCIA_AÑOSLUZ, GENITIVO_CONST_OBJ)
VALUES ('M51', 'GALAXIA REMOLIN0',8, 37000000,'CANUM VENATICORUM');
INSERT INTO OBJETOS (NUM_CATALOGO,NOM_OBJETO, MAGNITUD, DISTANCIA_AÑOSLUZ, GENITIVO_CONST_OBJ)
VALUES ('M81', 'GALAXIA DE BODE',7, 12000000,'URSAE MAIORIS');
INSERT INTO OBJETOS (NUM_CATALOGO,NOM_OBJETO, MAGNITUD, DISTANCIA_AÑOSLUZ, GENITIVO_CONST_OBJ)
VALUES ('NGC 7293', 'NEBULOSA DE LA HELICE',13.5, 680,'ANDROMEDAE');
INSERT INTO OBJETOS (NUM_CATALOGO,NOM_OBJETO, MAGNITUD, DISTANCIA_AÑOSLUZ, GENITIVO_CONST_OBJ)
VALUES ('NGC 2359', 'NEBULOSA DEL CASCO DE THOR',9, 15000,'CANIS MAIORIS');
INSERT INTO OBJETOS (NUM_CATALOGO,NOM_OBJETO, MAGNITUD, DISTANCIA_AÑOSLUZ, GENITIVO_CONST_OBJ)
VALUES ('IC 1805', 'NEBULOSA CORAZÓN',18.3, 7500,'CASSIOPEIAE');
INSERT INTO OBJETOS (NUM_CATALOGO,NOM_OBJETO, MAGNITUD, DISTANCIA_AÑOSLUZ, GENITIVO_CONST_OBJ)
VALUES ('IC 1848', 'NEBULOSA ALMA',18.3, 7500,'CASSIOPEIAE');
INSERT INTO OBJETOS (NUM_CATALOGO,NOM_OBJETO, MAGNITUD, DISTANCIA_AÑOSLUZ, GENITIVO_CONST_OBJ)
VALUES ('NGC 7023', 'NEBULOSA IRIS',6.8, 1300,'CEPHEI');
INSERT INTO OBJETOS (NUM_CATALOGO,NOM_OBJETO, MAGNITUD, DISTANCIA_AÑOSLUZ, GENITIVO_CONST_OBJ)
VALUES ('NGC 3372', 'NEBULOSA DE LA QUILLA',1, 7500,'CARINAE');
INSERT INTO OBJETOS (NUM_CATALOGO,NOM_OBJETO, MAGNITUD, DISTANCIA_AÑOSLUZ, GENITIVO_CONST_OBJ)
VALUES ('M 104', 'GALAXIA DEL SOMBRERO',8, 28000000,'VIRGINIS');
INSERT INTO OBJETOS (NUM_CATALOGO,NOM_OBJETO, MAGNITUD, DISTANCIA_AÑOSLUZ, GENITIVO_CONST_OBJ)
VALUES ('M 64', 'GALAXIA OJO NEGRO',8.5, 17000000,'COMAE BERENICES');
INSERT INTO OBJETOS (NUM_CATALOGO,NOM_OBJETO, MAGNITUD, DISTANCIA_AÑOSLUZ, GENITIVO_CONST_OBJ)
VALUES ('PGC 54559', 'OBJETO DE HOAG',16, 600000000,'SERPENTIS');


--SIN NOMBRE
INSERT INTO OBJETOS (NUM_CATALOGO, NOM_OBJETO, MAGNITUD, DISTANCIA_AÑOSLUZ, GENITIVO_CONST_OBJ)
VALUES ('M2',NULL,7.5,'37500','AQUARII');
INSERT INTO OBJETOS (NUM_CATALOGO, NOM_OBJETO, MAGNITUD, DISTANCIA_AÑOSLUZ, GENITIVO_CONST_OBJ)
VALUES ('M3',NULL, 7,'33900','CANUM VENATICORUM');
INSERT INTO OBJETOS (NUM_CATALOGO, NOM_OBJETO, MAGNITUD, DISTANCIA_AÑOSLUZ, GENITIVO_CONST_OBJ)
VALUES ('M5',NULL, 7,'24500','SERPENTIS');
INSERT INTO OBJETOS (NUM_CATALOGO, NOM_OBJETO, MAGNITUD, DISTANCIA_AÑOSLUZ, GENITIVO_CONST_OBJ)
VALUES ('NGC 7331',NULL, 10,'49000000','PEGASI');


-- NEBULOSAS

INSERT INTO NEBULOSA (NUM_CATALOGO_NEBULOSA, TIPO) VALUES ('M1', 'REMANENTE DE SUPERNOVA');
INSERT INTO NEBULOSA (NUM_CATALOGO_NEBULOSA, TIPO) VALUES ('M16', 'REGION HII');
INSERT INTO NEBULOSA (NUM_CATALOGO_NEBULOSA, TIPO) VALUES ('M27', 'NEBULOSA PLANETARIA');
INSERT INTO NEBULOSA (NUM_CATALOGO_NEBULOSA, TIPO) VALUES ('NGC 7293', 'NEBULOSA PLANETARIA');
INSERT INTO NEBULOSA (NUM_CATALOGO_NEBULOSA, TIPO) VALUES ('NGC 2359', 'NEBULOSA DE EMISION');
INSERT INTO NEBULOSA (NUM_CATALOGO_NEBULOSA, TIPO) VALUES ('IC 1805', 'NEBULOSA DE EMISION');
INSERT INTO NEBULOSA (NUM_CATALOGO_NEBULOSA, TIPO) VALUES ('IC 1848', 'NEBULOSA DE EMISION');
INSERT INTO NEBULOSA (NUM_CATALOGO_NEBULOSA, TIPO) VALUES ('NGC 7023', 'NEBULOSA DE REFLEXION');
INSERT INTO NEBULOSA (NUM_CATALOGO_NEBULOSA, TIPO) VALUES ('NGC 3372', 'NEBULOSA DE EMISION');

--GALAXIAS

INSERT INTO GALAXIA (NUM_CATALOGO_GALAXIA, TIPO) VALUES ('M31','ESPIRAL');
INSERT INTO GALAXIA (NUM_CATALOGO_GALAXIA, TIPO) VALUES ('M33', 'ESPIRAL');
INSERT INTO GALAXIA (NUM_CATALOGO_GALAXIA, TIPO) VALUES ('M51', 'ESPIRAL');
INSERT INTO GALAXIA (NUM_CATALOGO_GALAXIA, TIPO) VALUES ('NGC 7331', 'ESPIRAL');
INSERT INTO GALAXIA (NUM_CATALOGO_GALAXIA, TIPO) VALUES ('M 104', 'LENTICULAR');
INSERT INTO GALAXIA (NUM_CATALOGO_GALAXIA, TIPO) VALUES ('M 64', 'ESPIRAL');
INSERT INTO GALAXIA (NUM_CATALOGO_GALAXIA, TIPO) VALUES ('PGC 54559', 'ANULAR');

--CUMULOS 

INSERT INTO CUMULO (NUM_CATALOGO_CUMULO, NUM_ESTRELLAS, TIPO) VALUES ('M2',150000 , 'GLOBULAR');
INSERT INTO CUMULO (NUM_CATALOGO_CUMULO, NUM_ESTRELLAS, TIPO) VALUES ('M3',500000 , 'GLOBULAR');
INSERT INTO CUMULO (NUM_CATALOGO_CUMULO, NUM_ESTRELLAS, TIPO) VALUES ('M5', 100000, 'GLOBULAR');
INSERT INTO CUMULO (NUM_CATALOGO_CUMULO, NUM_ESTRELLAS, TIPO) VALUES ('M44', NULL, 'ABIERTO');
INSERT INTO CUMULO (NUM_CATALOGO_CUMULO, NUM_ESTRELLAS, TIPO) VALUES ('M45',750, 'ABIERTO');


--UBICACIONES

INSERT INTO UBICACION (POBLACION, PROVINCIA, PAIS, HEMISFERIO)
VALUES ('TIBI','ALICANTE','ESPAÑA','NORTE');
INSERT INTO UBICACION (POBLACION, PROVINCIA, PAIS, HEMISFERIO)
VALUES ('HONDÓN DE LAS NIEVES','ALICANTE','ESPAÑA','NORTE');
INSERT INTO UBICACION (POBLACION, PROVINCIA, PAIS, HEMISFERIO)
VALUES ('CASTELL DE CASTELLS','ALICANTE','ESPAÑA','NORTE');
INSERT INTO UBICACION (POBLACION, PROVINCIA, PAIS, HEMISFERIO)
VALUES ('NOVELDA','ALICANTE','ESPAÑA','NORTE');
INSERT INTO UBICACION (POBLACION, PROVINCIA, PAIS, HEMISFERIO)
VALUES ('VALL DE LA GALLINERA','ALICANTE','ESPAÑA','NORTE');

--OBSERVACION

INSERT INTO OBSERVACION (POBLACION_UBI, GENITIVO_CONST_UBI, FECHA) VALUES ('HONDÓN DE LAS NIEVES','TAURI','14/08/2013');
INSERT INTO OBSERVACION (POBLACION_UBI, GENITIVO_CONST_UBI, FECHA) VALUES ('CASTELL DE CASTELLS','GEMINORUM','12/02/2014');
INSERT INTO OBSERVACION (POBLACION_UBI, GENITIVO_CONST_UBI, FECHA) VALUES ('NOVELDA','OPHIUCHI','01/07/2014');
INSERT INTO OBSERVACION (POBLACION_UBI, GENITIVO_CONST_UBI, FECHA) VALUES ('NOVELDA','AQUARII','11/10/2015');
INSERT INTO OBSERVACION (POBLACION_UBI, GENITIVO_CONST_UBI, FECHA) VALUES ('NOVELDA','LEONIS','22/04/2015');
INSERT INTO OBSERVACION (POBLACION_UBI, GENITIVO_CONST_UBI, FECHA) VALUES ('TIBI','PERSEI','12/08/2014');
INSERT INTO OBSERVACION (POBLACION_UBI, GENITIVO_CONST_UBI, FECHA) VALUES ('NOVELDA','GEMINORUM','13/12/2014');
INSERT INTO OBSERVACION (POBLACION_UBI, GENITIVO_CONST_UBI, FECHA) VALUES ('VALL DE LA GALLINERA','AQUILAE','10/09/2015');
INSERT INTO OBSERVACION (POBLACION_UBI, GENITIVO_CONST_UBI, FECHA) VALUES ('NOVELDA','PEGASI','25/10/2015');



--IMAGEN

--DELETE REPRESENTAR;
--DELETE CATALOGAR;
--DELETE IMAGEN;
--DROP SEQUENCE SEQ_IMAGENES;
CREATE SEQUENCE SEQ_IMAGENES;

INSERT INTO IMAGEN (NUM_IMAGEN, TIPO, ESPECIFICACIONES, GENITIVO_CONST_IM, POBLACION_IM, FECHA_IM, HORA)
VALUES (SEQ_IMAGENES.NEXTVAL, 'FOTO', 'B, 20", 3.5F, 18mm, 3200-ISO', 'TAURI', 'HONDÓN DE LAS NIEVES', '14/08/2013', '03:35');
INSERT INTO IMAGEN (NUM_IMAGEN, TIPO, ESPECIFICACIONES, GENITIVO_CONST_IM, POBLACION_IM, FECHA_IM, HORA)
VALUES (SEQ_IMAGENES.NEXTVAL, 'FOTO', 'B, 18", 3.5F, 18mm, 3200-ISO', 'GEMINORUM', 'CASTELL DE CASTELLS', '12/02/2014', '04:17');
INSERT INTO IMAGEN (NUM_IMAGEN, TIPO, ESPECIFICACIONES, GENITIVO_CONST_IM, POBLACION_IM, FECHA_IM, HORA)
VALUES (SEQ_IMAGENES.NEXTVAL, 'FOTO', 'B, 15", 4F, 18mm, 3200-ISO', 'PERSEI', 'TIBI', '12/08/2014', '00:40');
INSERT INTO IMAGEN (NUM_IMAGEN, TIPO, ESPECIFICACIONES, GENITIVO_CONST_IM, POBLACION_IM, FECHA_IM, HORA)
VALUES (SEQ_IMAGENES.NEXTVAL, 'FOTO', 'B, 15", 4,5F, 18mm, 3200-ISO', 'GEMINORUM', 'NOVELDA', '13/12/2014', '02:09');
INSERT INTO IMAGEN (NUM_IMAGEN, TIPO, ESPECIFICACIONES, GENITIVO_CONST_IM, POBLACION_IM, FECHA_IM, HORA) 
VALUES (SEQ_IMAGENES.NEXTVAL, 'MAPA', NULL, NULL, NULL, NULL, NULL);
INSERT INTO IMAGEN (NUM_IMAGEN, TIPO, ESPECIFICACIONES, GENITIVO_CONST_IM, POBLACION_IM, FECHA_IM, HORA) 
VALUES (SEQ_IMAGENES.NEXTVAL, 'MAPA', NULL, NULL, NULL, NULL, NULL);
INSERT INTO IMAGEN (NUM_IMAGEN, TIPO, ESPECIFICACIONES, GENITIVO_CONST_IM, POBLACION_IM, FECHA_IM, HORA) 
VALUES (SEQ_IMAGENES.NEXTVAL, 'FOTO', 'HUBBLE', NULL, NULL, NULL, NULL);
INSERT INTO IMAGEN (NUM_IMAGEN, TIPO, ESPECIFICACIONES, GENITIVO_CONST_IM, POBLACION_IM, FECHA_IM, HORA) 
VALUES (SEQ_IMAGENES.NEXTVAL, 'FOTO', 'SPITZER', NULL, NULL, NULL, NULL);
INSERT INTO IMAGEN (NUM_IMAGEN, TIPO, ESPECIFICACIONES, GENITIVO_CONST_IM, POBLACION_IM, FECHA_IM, HORA) 
VALUES (SEQ_IMAGENES.NEXTVAL, 'MAPA', NULL, NULL, NULL, NULL, NULL);
INSERT INTO IMAGEN (NUM_IMAGEN, TIPO, ESPECIFICACIONES, GENITIVO_CONST_IM, POBLACION_IM, FECHA_IM, HORA) 
VALUES (SEQ_IMAGENES.NEXTVAL, 'FOTO', 'HUBBLE', NULL, NULL, NULL, NULL);
INSERT INTO IMAGEN (NUM_IMAGEN, TIPO, ESPECIFICACIONES, GENITIVO_CONST_IM, POBLACION_IM, FECHA_IM, HORA) 
VALUES (SEQ_IMAGENES.NEXTVAL, 'FOTO', 'DIGITIZED SKY SURVEY', NULL, NULL, NULL, NULL);
INSERT INTO IMAGEN (NUM_IMAGEN, TIPO, ESPECIFICACIONES, GENITIVO_CONST_IM, POBLACION_IM, FECHA_IM, HORA)
VALUES (SEQ_IMAGENES.NEXTVAL, 'DIBUJO', 'EL PUNTO ARIES', NULL, NULL, NULL, NULL);
INSERT INTO IMAGEN (NUM_IMAGEN, TIPO, ESPECIFICACIONES, GENITIVO_CONST_IM, POBLACION_IM, FECHA_IM, HORA)
VALUES (SEQ_IMAGENES.NEXTVAL, 'DIBUJO', 'EL BRAZO DE PERSEO', NULL, NULL, NULL, NULL);
INSERT INTO IMAGEN (NUM_IMAGEN, TIPO, ESPECIFICACIONES, GENITIVO_CONST_IM, POBLACION_IM, FECHA_IM, HORA)
VALUES (SEQ_IMAGENES.NEXTVAL, 'DIBUJO', 'EL RELOJ DEL CIELO', NULL, NULL, NULL, NULL);
INSERT INTO IMAGEN (NUM_IMAGEN, TIPO, ESPECIFICACIONES, GENITIVO_CONST_IM, POBLACION_IM, FECHA_IM, HORA)
VALUES (SEQ_IMAGENES.NEXTVAL, 'FOTO', 'B, 25", 4F, 18mm, 1800-ISO', 'AQUILAE', 'VALL DE LA GALLINERA', '10/09/2015', '02:11');
INSERT INTO IMAGEN (NUM_IMAGEN, TIPO, ESPECIFICACIONES, GENITIVO_CONST_IM, POBLACION_IM, FECHA_IM, HORA)
VALUES (SEQ_IMAGENES.NEXTVAL, 'FOTO', 'HUBBLE', NULL, NULL, NULL, NULL);
INSERT INTO IMAGEN (NUM_IMAGEN, TIPO, ESPECIFICACIONES, GENITIVO_CONST_IM, POBLACION_IM, FECHA_IM, HORA) 
VALUES (SEQ_IMAGENES.NEXTVAL, 'MAPA', NULL, NULL, NULL, NULL, NULL);
INSERT INTO IMAGEN (NUM_IMAGEN, TIPO, ESPECIFICACIONES, GENITIVO_CONST_IM, POBLACION_IM, FECHA_IM, HORA) 
VALUES (SEQ_IMAGENES.NEXTVAL, 'MAPA', NULL, NULL, NULL, NULL, NULL);
INSERT INTO IMAGEN (NUM_IMAGEN, TIPO, ESPECIFICACIONES, GENITIVO_CONST_IM, POBLACION_IM, FECHA_IM, HORA) 
VALUES (SEQ_IMAGENES.NEXTVAL, 'MAPA', NULL, NULL, NULL, NULL, NULL);



--CATALOGAR

INSERT INTO CATALOGAR (GENITIVO_CAT, NUM_IMAGEN_CAT, ESTADO) VALUES('ORIONIS','5','COMPLETO');
INSERT INTO CATALOGAR (GENITIVO_CAT, NUM_IMAGEN_CAT, ESTADO) VALUES('LYRAE','6','COMPLETO');
INSERT INTO CATALOGAR (GENITIVO_CAT, NUM_IMAGEN_CAT, ESTADO) VALUES ('SERPENTIS','9', 'INCOMPLETO');
INSERT INTO CATALOGAR (GENITIVO_CAT, NUM_IMAGEN_CAT, ESTADO) VALUES ('SCORPII','17', 'INCOMPLETO');
INSERT INTO CATALOGAR (GENITIVO_CAT, NUM_IMAGEN_CAT, ESTADO) VALUES ('CANIS MAIORIS','18', 'INCOMPLETO');
INSERT INTO CATALOGAR (GENITIVO_CAT, NUM_IMAGEN_CAT, ESTADO) VALUES ('AQUILAE','19', 'COMPLETO');


-- REPRESENTAR

INSERT INTO REPRESENTAR (NUM_OBJETO_REP, NUM_IMAGEN_REP) VALUES('M1', '7');
INSERT INTO REPRESENTAR (NUM_OBJETO_REP, NUM_IMAGEN_REP) VALUES('M81', '8');
INSERT INTO REPRESENTAR (NUM_OBJETO_REP, NUM_IMAGEN_REP, DESCRIPCION ) VALUES('M16', '10', 'LOS PILARES DE LA CREACION');
INSERT INTO REPRESENTAR (NUM_OBJETO_REP, NUM_IMAGEN_REP) VALUES('M45', '11');
INSERT INTO REPRESENTAR (NUM_OBJETO_REP, NUM_IMAGEN_REP) VALUES('NGC 3372', '16');

-- CONJUNCIONES 

INSERT INTO CONJUNCION (NOM_PLANETA_1, NOM_PLANETA_2, POBLACION_CONJ, GENITIVO_CONST_CONJ, FECHA_CONJ, HORA)
VALUES ('MERCURIO', 'VENUS', 'NOVELDA', 'OPHIUCHI', '01/07/2014', '23:00');
INSERT INTO CONJUNCION (NOM_PLANETA_1, NOM_PLANETA_2, POBLACION_CONJ, GENITIVO_CONST_CONJ, FECHA_CONJ, HORA)
VALUES ('MERCURIO', 'JUPITER', 'NOVELDA','AQUARII','11/10/2015', '21:00');
INSERT INTO CONJUNCION (NOM_PLANETA_1, NOM_PLANETA_2, POBLACION_CONJ, GENITIVO_CONST_CONJ, FECHA_CONJ, HORA)
VALUES ('MERCURIO', 'MARTE', 'NOVELDA','LEONIS','22/04/2015', '24:00');
INSERT INTO CONJUNCION (NOM_PLANETA_1, NOM_PLANETA_2, POBLACION_CONJ, GENITIVO_CONST_CONJ, FECHA_CONJ, HORA)
VALUES ('VENUS', 'JUPITER', 'NOVELDA','PEGASI','25/10/2015', '22:00');

--FRONTERA

INSERT INTO FRONTERA (GENITIVO_CONST, GENITIVO_CONST_FR) VALUES ('ANDROMEDAE', 'CASSIOPEIAE');
INSERT INTO FRONTERA (GENITIVO_CONST, GENITIVO_CONST_FR) VALUES ('ANDROMEDAE', 'LACERTAE');
INSERT INTO FRONTERA (GENITIVO_CONST, GENITIVO_CONST_FR) VALUES ('ANDROMEDAE', 'PEGASI');
INSERT INTO FRONTERA (GENITIVO_CONST, GENITIVO_CONST_FR) VALUES ('ANDROMEDAE', 'PERSEI');
INSERT INTO FRONTERA (GENITIVO_CONST, GENITIVO_CONST_FR) VALUES ('ANDROMEDAE', 'PISCIUM');
INSERT INTO FRONTERA (GENITIVO_CONST, GENITIVO_CONST_FR) VALUES ('ANDROMEDAE', 'TRIANGULI');
INSERT INTO FRONTERA (GENITIVO_CONST, GENITIVO_CONST_FR) VALUES ('AQUARII', 'AQUILAE');
INSERT INTO FRONTERA (GENITIVO_CONST, GENITIVO_CONST_FR) VALUES ('AQUARII', 'CAPRICORNI');
INSERT INTO FRONTERA (GENITIVO_CONST, GENITIVO_CONST_FR) VALUES ('AQUARII', 'CETI');
INSERT INTO FRONTERA (GENITIVO_CONST, GENITIVO_CONST_FR) VALUES ('AQUARII', 'DELPHINI');
INSERT INTO FRONTERA (GENITIVO_CONST, GENITIVO_CONST_FR) VALUES ('AQUARII', 'EQUULEI');
INSERT INTO FRONTERA (GENITIVO_CONST, GENITIVO_CONST_FR) VALUES ('AQUARII', 'PEGASI');
INSERT INTO FRONTERA (GENITIVO_CONST, GENITIVO_CONST_FR) VALUES ('AQUARII', 'PISCIUM');
INSERT INTO FRONTERA (GENITIVO_CONST, GENITIVO_CONST_FR) VALUES ('AQUARII', 'PISCIS AUSTRINI');
INSERT INTO FRONTERA (GENITIVO_CONST, GENITIVO_CONST_FR) VALUES ('AQUARII', 'SCULPTORIS');
INSERT INTO FRONTERA (GENITIVO_CONST, GENITIVO_CONST_FR) VALUES ('AQUILAE', 'AQUARII');
INSERT INTO FRONTERA (GENITIVO_CONST, GENITIVO_CONST_FR) VALUES ('AQUILAE', 'CAPRICORNI');
INSERT INTO FRONTERA (GENITIVO_CONST, GENITIVO_CONST_FR) VALUES ('AQUILAE', 'DELPHINI');
INSERT INTO FRONTERA (GENITIVO_CONST, GENITIVO_CONST_FR) VALUES ('AQUILAE', 'HERCULIS');
INSERT INTO FRONTERA (GENITIVO_CONST, GENITIVO_CONST_FR) VALUES ('AQUILAE', 'OPHIUCHI');
INSERT INTO FRONTERA (GENITIVO_CONST, GENITIVO_CONST_FR) VALUES ('AQUILAE', 'SAGITTAE');
INSERT INTO FRONTERA (GENITIVO_CONST, GENITIVO_CONST_FR) VALUES ('AQUILAE', 'SAGITTARI');
INSERT INTO FRONTERA (GENITIVO_CONST, GENITIVO_CONST_FR) VALUES ('AQUILAE', 'SCUTI');
INSERT INTO FRONTERA (GENITIVO_CONST, GENITIVO_CONST_FR) VALUES ('AQUILAE', 'SERPENTIS');
INSERT INTO FRONTERA (GENITIVO_CONST, GENITIVO_CONST_FR) VALUES ('ARIETIS', 'CETI');
INSERT INTO FRONTERA (GENITIVO_CONST, GENITIVO_CONST_FR) VALUES ('ARIETIS', 'PERSEI');
INSERT INTO FRONTERA (GENITIVO_CONST, GENITIVO_CONST_FR) VALUES ('ARIETIS', 'PISCIUM');
INSERT INTO FRONTERA (GENITIVO_CONST, GENITIVO_CONST_FR) VALUES ('ARIETIS', 'TRIANGULI');
INSERT INTO FRONTERA (GENITIVO_CONST, GENITIVO_CONST_FR) VALUES ('ARIETIS', 'TAURI');
INSERT INTO FRONTERA (GENITIVO_CONST, GENITIVO_CONST_FR) VALUES ('AURIGAE', 'GEMINORUM');
INSERT INTO FRONTERA (GENITIVO_CONST, GENITIVO_CONST_FR) VALUES ('AURIGAE', 'PERSEI');
INSERT INTO FRONTERA (GENITIVO_CONST, GENITIVO_CONST_FR) VALUES ('AURIGAE', 'TAURI');
INSERT INTO FRONTERA (GENITIVO_CONST, GENITIVO_CONST_FR) VALUES ('AURIGAE', 'LYNCIS');
INSERT INTO FRONTERA (GENITIVO_CONST, GENITIVO_CONST_FR) VALUES ('BOOTIS', 'CANUM VENATICORUM');
INSERT INTO FRONTERA (GENITIVO_CONST, GENITIVO_CONST_FR) VALUES ('BOOTIS', 'COMAE BERENICES');
INSERT INTO FRONTERA (GENITIVO_CONST, GENITIVO_CONST_FR) VALUES ('BOOTIS', 'CORONAE BOREALIS');
INSERT INTO FRONTERA (GENITIVO_CONST, GENITIVO_CONST_FR) VALUES ('BOOTIS', 'DRACONIS');
INSERT INTO FRONTERA (GENITIVO_CONST, GENITIVO_CONST_FR) VALUES ('BOOTIS', 'HERCULIS');
INSERT INTO FRONTERA (GENITIVO_CONST, GENITIVO_CONST_FR) VALUES ('BOOTIS', 'SERPENTIS');
INSERT INTO FRONTERA (GENITIVO_CONST, GENITIVO_CONST_FR) VALUES ('BOOTIS', 'URSAE MAIORIS');
INSERT INTO FRONTERA (GENITIVO_CONST, GENITIVO_CONST_FR) VALUES ('BOOTIS', 'VIRGINIS');